keyword,language,topic,topicColor,keywordColor,limitPages,ratioNew
'Gewitter',de,Hazard,#ff0000,#ff0000,3,0.18875170060745167
'Gewitter Warnung',de,Mitigation,#00ff00,#00ff00,1,0.0882640233951164
'Gewitterzelle',de,Causes,#00ffff,#00ffff,1,0.0865186074704134
'+Hagel -CDU',de,Hazard,#ff0000,#ff0000,3,0.0817280211621896
'Blitz und Donner',de,Hazard,#ff0000,#ff0000,1,0.0598497406803691
'Blitz Feuer',de,Impacts,#ffff00,#ffff00,1,0.0343740773902803
'Blitzableiter',de,Adaptation,#0000ff,#0000ff,1,0.0303291311317856
'Hagelschaden',de,Impacts,#ffff00,#ffff00,1,1.8633432034200383e-05
'Ambosswolken',de,Causes,#00ffff,#00ffff,1,3.2552845295585855e-07
