index,published,keyword,domain,language,valid,title,description,url,image,archive,content,quote
0215789d6f4a7c64b9c1f088d4456ea3,2025-11-12T11:54:56Z,'Hagel',www.stern.de,de,0.0,Spitzenkandidatur: Welche Sticheleien Hagel wegen seines Alters erdulden musste,"CDU-Spitzenkandidat Manuel Hagel will jüngster Ministerpräsident des Landes werden. Er erzählt, wie ihn sein junges Alter einst zum Außenseiter machte – und warum er sich mit Frauen verbunden fühlt.",https://www.stern.de/gesellschaft/regional/baden-wuerttemberg/spitzenkandidatur--welche-sticheleien-hagel-wegen-seines-alters-erdulden-musste-36337864.html,https://image.stern.de/36337866/t/Nr/v1/w1440/r1.7778/-/12--ojzd46scgqv3axs2048jpeg---6a6d01aad38fa9f4.jpg,,"Kopiere den aktuellen Link
Zur Merkliste hinzufügen
CDU-Spitzenkandidat Manuel Hagel will jüngster Ministerpräsident des Landes werden. Er erzählt, wie ihn sein junges Alter einst zum Außenseiter m… [+1085 chars]",
cc31d5238df157f2c8b3eda44142bf1e,2025-11-02T08:36:06Z,'Gewitter',www.zeit.de,de,0.9,"Wetter: Kaltfront bringt Wolken, Schauer und kurze Gewitter","Hier finden Sie Informationen zu dem Thema „Wetter“. Lesen Sie jetzt „Kaltfront bringt Wolken, Schauer und kurze Gewitter“.",https://www.zeit.de/news/2025-11/02/kaltfront-bringt-wolken-schauer-und-kurze-gewitter,https://img.zeit.de/news/2025-11/02/kaltfront-bringt-wolken-schauer-und-kurze-gewitter-image-group/wide__1300x731,,"Rückseitig einer Kaltfront stellt sich am Sonntag in Hessen wechselhaftes Schauerwetter ein. Im Tagesverlauf sind kurze Gewitter möglich, wie der Deutsche Wetterdienst (DWD) mitteilte.
Es bleibt mei… [+1249 chars]",
0d0246189c0ca538a08676f9b1d2cd83,2025-11-02T08:48:55Z,'Gewitter',www.stern.de,de,0.9,Kaltfront: Schauer und Gewitter in Rheinland-Pfalz und im Saarland,Am Sonntag zeigt sich das Wetter in Rheinland-Pfalz und im Saarland wechselhaft. Neben Schauern und vereinzelten Gewittern sind auch kurze Auflockerungen möglich. Zum Wochenstart wird es ruhiger.,https://www.stern.de/gesellschaft/regional/rheinland-pfalz-saarland/kaltfront--schauer-und-gewitter-in-rheinland-pfalz-und-im-saarland-36181700.html,https://image.stern.de/36181702/t/1V/v1/w1440/r1.7778/-/02--jgxipx5zbtv7axs2048jpeg---db5830441ac74376.jpg,,"Kopiere den aktuellen Link
Zur Merkliste hinzufügen
Am Sonntag zeigt sich das Wetter in Rheinland-Pfalz und im Saarland wechselhaft. Neben Schauern und vereinzelten Gewittern sind auch kurze Aufloc… [+1772 chars]",
fab65fb7302c0a2f4f891068dd521087,2025-11-02T08:48:55Z,'Gewitter',www.zeit.de,de,0.9,Kaltfront: Schauer und Gewitter in Rheinland-Pfalz und im Saarland,Hier finden Sie Informationen zu dem Thema „Kaltfront“. Lesen Sie jetzt „Schauer und Gewitter in Rheinland-Pfalz und im Saarland“.,https://www.zeit.de/news/2025-11/02/schauer-und-gewitter-in-rheinland-pfalz-und-im-saarland,https://img.zeit.de/news/2025-11/02/schauer-und-gewitter-in-rheinland-pfalz-und-im-saarland-image-group/wide__1300x731,,"Eine Kaltfront sorgt in Rheinland-Pfalz und im Saarland am Sonntag für wechselhaftes Schauerwetter. Laut Deutschem Wetterdienst (DWD) bleibt es meist stark bewölkt, nur im Norden lockert die Bewölkun… [+1300 chars]",
6fe9b072be383a7a6e477d24c7f05776,2025-11-03T09:21:00Z,'Gewitter',www.stern.de,de,0.9,"Wind, Regen, Gewitter: Hier sehen Sie aktuelle Wetterwarnungen für Ihren Wohnort","Droht ein Unwetter, gibt der Deutsche Wetterdienst (DWD) eine Warnung mit Gefahrenhinweisen heraus. Sehen Sie hier, ob es aktuelle Warnungen für ihren Wohnort gibt.",https://www.stern.de/panorama/wetter/unwetter--sturm--regen--hier-finden-sie-aktuelle-warnungen-des-dwd-35919622.html,https://image.stern.de/35923446/t/Dr/v2/w1440/r1.7778/-/teaser-ani-unwetterwarnung.gif,,"Die Karten in diesem Artikel zeigen aktuelle Unwetterwarnungen des Deutschen Wetterdienstes (DWD). Die Warnungen sind je nach Abstufung unterschiedlich eingefärbt. Eine grüne Einfärbung bedeutet, das… [+1389 chars]",
aeb505e72aae4ad0633816bcfc23b278,2025-11-03T09:50:56Z,'Hagel',science.orf.at,de,0.9,Was Chemikalien in Wolken auslösen,"Weltweit werden Wolken mit Chemikalien „geimpft“, um Regen zu erzeugen und Hagel zu verhindern. Wie diese Substanzen in den Wolken genau wirken, war bisher nicht bekannt. Der Mechanismus ist komplexer als gedacht, wie nun eine Studie der TU Wien zeigt.",https://science.orf.at/stories/3232745/,https://ibs.orf.at/science?image=https%3A%2F%2Ftubestatic.orf.at%2Fmims%2F2023%2F45%2F70%2Fcrops%2Fw%3D1200%2Ch%3D627%2Cq%3D75%2F2001164_master_753870_lebanon_-_weather_-_postcard_2.jpg%3Fs%3D68f743829267dad34d51a03ce257b12ced0c2de9,,"Für die Wolkenbildung und in weiterer Folge Niederschläge braucht es winzige Teilchen, an denen Wasser kondensiert. Sie können durch natürliche Prozesse, etwa als Staub, Sand und Salz oder durch mens… [+3263 chars]",
e1dbbbdbce92d37164215703a60e6a70,2025-11-05T10:45:28Z,'Gewitter',www.ibiza-heute.de,de,0.9,Ab Donnerstag wechselhaftes Wetter,"Ab dem morgigen Donnerstag, 6. November, zieht eine Kaltluftfront über Ibiza und Formentera, die Regen und Gewitter mit sich bringen könnte. Der spanische Wetterdienst Aemet geht von maximal 30 bis 40 Litern pro Quadratmeter aus. Trotzdem sind zwei Warnstufen…",https://www.ibiza-heute.de/ab-donnerstag-wechselhaftes-wetter/,https://www.ibiza-heute.de/wp-content/uploads/2025/11/ibiza-vollmond-regenwolken-kuegler.jpg,,"Ab dem morgigen Donnerstag, 6. November, zieht eine Kaltluftfront über Ibiza und Formentera, die Regen und Gewitter mit sich bringen könnte. Der spanische Wetterdienst Aemet geht von maximal 30 bis 4… [+419 chars]",
fc82771b0b363ede4a75dbfbafb65bff,2025-11-06T08:45:00Z,'Gewitter',www.ibiza-heute.de,de,0.9,Wieder Überschwemmungen auf Ibiza,"Wie vorhergesagt haben schwere Gewitter am frühen Morgen Ibiza überzogen und einigen Schaden verursacht. Der starke Regen hat in kurzer Zeit wieder zu Überschwemmungen geführt, Bäume wurden entwurzelt und die Flughafenstraße war zeitweise gesperrt. Die Flugha…",https://www.ibiza-heute.de/gewitter-und-regen/,https://www.ibiza-heute.de/wp-content/uploads/2025/11/ibiza-regen2-rathaus.jpeg,,"Wie vorhergesagt haben schwere Gewitter am frühen Morgen Ibiza überzogen und einigen Schaden verursacht. Der starke Regen hat in kurzer Zeit wieder zu Überschwemmungen geführt, Bäume wurden entwurzel… [+506 chars]",
947af8f0edac36b3734f37b443e58245,2025-11-06T14:05:34Z,'Hagel',ooe.orf.at,de,0.9,Asbestgefahr durch Hagelschäden größer als vermutet,"Die im Zuge des Klimawandels immer häufiger auftretenden Hagelunwetter bergen auch die Gefahr steigender Asbest-Freisetzung. Darauf machte das Elementarschaden Präventionszentrum (EPZ), eine Plattform der österreichischen Brandverhütungsstellen, in einer Pres…",https://ooe.orf.at/stories/3328925/,https://ibs.orf.at/ooe?image=https%3A%2F%2Foekastatic.orf.at%2Fmims%2F2024%2F28%2F59%2Fcrops%2Fw%3D1200%2Ch%3D627%2Cq%3D75%2F2277995_master_866759_fkstore_107104.jpg%3Fs%3Df899817f0977151ac6e666e8d0d5eae0a07443e9,,"Hagelkörner mit einem Durchmesser von vier bis fünf Zentimetern sind keine Seltenheit mehr, in manchen Gegenden treten Durchmesser von bis zu sieben Zentimetern auf, so EPZ-Bereichsleiter Michael Stu… [+1762 chars]",
b64f42b7cca8b5525adb4c7e3811cdd1,2025-11-07T18:19:38Z,'Hagel',www.stern.de,de,0.9,"CDU und CSU: Baden-Württemberg und Bayern wollen ""Südschiene reloaded""","Die Parteichefs Söder und Hagel betonen die Bedeutung der Nachbarländer. Ohne den Süden wäre Deutschland pleite, sagt der Bayer. Mit Blick auf die Landtagswahl im Südwesten hat er einen Wunsch.",https://www.stern.de/gesellschaft/regional/baden-wuerttemberg/cdu-und-csu--baden-wuerttemberg-und-bayern-wollen--suedschiene-reloaded--36215076.html,https://image.stern.de/36215078/t/I1/v1/w1440/r1.7778/-/07--j3kvpgaut5v4axs2048jpeg---57c336003af8c33f.jpg,,"Kopiere den aktuellen Link
Zur Merkliste hinzufügen
Die Parteichefs Söder und Hagel betonen die Bedeutung der Nachbarländer. Ohne den Süden wäre Deutschland pleite, sagt der Bayer. Mit Blick auf di… [+2304 chars]",
dbc9dd81612b1084884ca4883b6dfec5,2025-11-07T19:00:22Z,'Hagel',www.stern.de,de,0.9,Treffen mit Söder: CDU-Landeschef Hagel: Syrer sollten Heimat wiederaufbauen,Nagold - In der Debatte um die Rückführung von Syrern aus Deutschland in ihre Heimat hat der baden-württembergische CDU-Landeschef Manuel Hagel auf die,https://www.stern.de/gesellschaft/regional/baden-wuerttemberg/treffen-mit-soeder--cdu-landeschef-hagel--syrer-sollten-heimat-wiederaufbauen-36216016.html,https://image.stern.de/36216018/t/UA/v1/w1440/r1.7778/-/07--g7tpzz6llav7axs2048jpeg---6d90a135eab93518.jpg,,"Kopiere den aktuellen Link
Zur Merkliste hinzufügen
Trümmerfrauen als Vorbild für Syrien? Hagel und Söder sprechen über Rückführung und Verantwortung. Dabei spielen auch christliche Werte eine Roll… [+1161 chars]",
136fe2d8118a4def1e4bbb692c08d370,2025-11-07T19:00:22Z,'Hagel',www.zeit.de,de,0.9,Treffen mit Söder: CDU-Landeschef Hagel: Syrer sollten Heimat wiederaufbauen,Hier finden Sie Informationen zu dem Thema „Treffen mit Söder“. Lesen Sie jetzt „CDU-Landeschef Hagel: Syrer sollten Heimat wiederaufbauen“.,https://www.zeit.de/news/2025-11/07/cdu-landeschef-hagel-syrer-sollten-heimat-wiederaufbauen,https://img.zeit.de/news/2025-11/07/cdu-landeschef-hagel-syrer-sollten-heimat-wiederaufbauen-image-group/wide__1300x731,,In der Debatte um die Rückführung von Syrern aus Deutschland in ihre Heimat hat der baden-württembergische CDU-Landeschef Manuel Hagel auf die deutsche Nachkriegszeit verwiesen. «Wer soll denn dieses… [+998 chars],
9e38e18eea80ebd1959002f6a052b4a2,2025-11-07T20:37:59Z,'Hagel',www.welt.de,de,0.9,„Da sind wir Deutsche doch Vorbild“ – Manuel Hagel fordert Syrer zum Wiederaufbau ihrer Heimat auf,"Der baden-württembergische CDU-Landeschef Manuel Hagel verweist in der Debatte um Rückführungen nach Syrien auf den Wiederaufbau Deutschlands nach 1945. „Wer soll Syrien wieder aufbauen, wenn’s nicht die eigenen Staatsbürger sind?“, fragte er bei einem Auftri…",https://www.welt.de/politik/deutschland/article690e49600580923d0998ad49/cdu-landeschef-da-sind-wir-deutsche-doch-vorbild-manuel-hagel-fordert-syrer-zum-wiederaufbau-ihrer-heimat-auf.html,https://images.welt.de/690e49600580923d0998ad49/f571c65b3f2dbe41182e7ea346565b6b-master/ci16x9-w1200/dpa-com-20090101-251107-911-027638-jpg,,"Der baden-württembergische CDU-Landeschef Manuel Hagel verweist in der Debatte um Rückführungen nach Syrien auf den Wiederaufbau Deutschlands nach 1945. Wer soll Syrien wieder aufbauen, wenns nicht d… [+1234 chars]",
1d214ed82781c86551f379158e1e5781,2025-11-08T03:00:51Z,'Hagel',www.stern.de,de,0.9,Unvereinbarkeit: Hagel schwört CDU im Kampf gegen die AfD ein,"Immer wieder debattiert die Union über die Brandmauer. CDU-Chef Hagel, die Landtagswahl im Blick, pocht auf eine scharfe Abgrenzung. Wählern radikaler Parteien will er aber eine Brücke bauen.",https://www.stern.de/gesellschaft/regional/baden-wuerttemberg/unvereinbarkeit--hagel-schwoert-cdu-im-kampf-gegen-die-afd-ein-36226742.html,https://image.stern.de/36226744/t/ul/v1/w1440/r1.7778/-/08--o4gfx2bob2v4axs2048jpeg---1704670d1fd25e83.jpg,,"Kopiere den aktuellen Link
Zur Merkliste hinzufügen
Immer wieder debattiert die Union über die Brandmauer. CDU-Chef Hagel, die Landtagswahl im Blick, pocht auf eine scharfe Abgrenzung. Wählern radi… [+3353 chars]",
9d87fbe616d88e037828e98348760db3,2025-11-08T03:00:51Z,'Hagel',www.zeit.de,de,0.9,Unvereinbarkeit: Hagel schwört CDU im Kampf gegen die AfD ein,Hier finden Sie Informationen zu dem Thema „Unvereinbarkeit“. Lesen Sie jetzt „Hagel schwört CDU im Kampf gegen die AfD ein“.,https://www.zeit.de/news/2025-11/08/hagel-schwoert-cdu-im-kampf-gegen-die-afd-ein,https://img.zeit.de/news/2025-11/08/hagel-schwoert-cdu-im-kampf-gegen-die-afd-ein-image-group/wide__1300x731,,"CDU-Spitzenkandidat Manuel Hagel will AfD-Wählern im Landtagswahlkampf eine «goldene Brücke» zur Union bauen. «Wir kämpfen gegen radikale und populistische Parteien, aber wir bauen deren Wählerinnen … [+2885 chars]",
5ac2b806be99416d85cdcbc5c0ef56c1,2025-11-08T06:52:57Z,'Hagel',www.n-tv.de,de,0.9,CSU-Chef hat es versucht: Darum joggt Markus Söder nicht mehr,Warum der CSU-Chef lieber Blutwurst statt Salat isst und welche Sportarten er bevorzugt. Ein Gespräch mit CDU-Politiker Manuel Hagel gibt Einblicke.,https://www.n-tv.de/politik/Darum-joggt-Markus-Soeder-nicht-mehr-article26149103.html,https://www.n-tv.de/img/incoming/crop26149104/4121329126-cImg_16_9-w1200/30b4855ff79e51bb367ca4a6c9969320.jpg,,"Warum der CSU-Chef lieber Blutwurst statt Salat isst und welche Sportarten er bevorzugt. Ein Gespräch mit CDU-Politiker Manuel Hagel gibt Einblicke.
CSU-Chef Markus Söder hat frühere Jogging-Ambitio… [+2011 chars]",
76c54e6f2b38a0e3a46dcd467879e57a,2025-11-08T12:21:57Z,'Hagel',www.faz.net,de,0.9,Söder und Hagel: Ein launiger Plausch über Essen und Migration,"Der Spitzenkandidat der baden-württembergischen CDU, Manuel Hagel, trifft auf Markus Söder. Erst geht es um die beste Blutwurst in Bayern. Dann um die Diskussion über syrische Flüchtlinge.",https://www.faz.net/aktuell/politik/inland/soeder-und-hagel-ein-launiger-plausch-ueber-essen-und-migration-accg-110771487.html,https://media0.faz.net/ppmedia/w1200/aktuell/politik/1552891796/1.10771502/facebook_teaser/soeder-und-hagel-am-freitag-in.jpg.webp,,Im nächsten Jahr will die baden-württembergische CDU mit Manuel Hagel nach 16 Jahren wieder den Ministerpräsidenten stellen. Früher hätte man die Ministerpräsidenten der Union zu einer staatstragende… [+397 chars],
b66debc86265bfe788cbdd1f8f4ca71b,2025-11-12T10:36:00Z,'Gewitter',www.gamestar.de,de,0.9,Wissenschaft - Wir haben gerade etwas Unerwartetes über Eis gelernt - es dürfte einer der Gründe für Gewitterblitze sein,Wie entsteht in Gewitterwolken die Kraft der Blitze? Und wie züngeln sie schließlich gen Boden? Auf beide Fragen haben Wissenschaftler neue Antworten.,"https://www.gamestar.de/artikel/flexoelektrizitaet-ferroelektrizitaet-wasser-eis-gewitter-blitze,3440613.html",https://images.cgames.de/images/gamestar/293/teaser-eis-elektrizität-gewitterwolke-gs_6378768.jpg,,"Blitze und Eis mögen sich optisch unterschieden wie Tag und Nacht. Physikalisch hängen sie aber wohl enger zusammen als wir dachten.
(Bildquelle: Unsplash, Johannes Plenio und Aaron Burden)
Jeder k… [+6382 chars]",
582cc1fea5cbc45539b2791882d0b0ef,2025-11-13T03:00:11Z,'Hagel',www.stern.de,de,0.9,Theaterfestspiele: Blitzschutz und Sprühnebel – Bühnen trotzen Wetterkapriolen,"Bad Vilbel/Bad Hersfeld/Mayen - Starkregen, Hitze, Hagel - für die Organisatoren von Theaterfestivals bringen Klimawandel und Wetterextreme in den",https://www.stern.de/gesellschaft/regional/hessen/theaterfestspiele--blitzschutz-und-spruehnebel---buehnen-trotzen-wetterkapriolen-36339932.html,https://image.stern.de/36339934/t/XF/v1/w1440/r1.7778/-/13--ospl4nmrvxv11axs2048jpeg---5055576ae68702f2.jpg,http://web.archive.org/web/20251114152435/https://www.stern.de/gesellschaft/regional/hessen/theaterfestspiele--blitzschutz-und-spruehnebel---buehnen-trotzen-wetterkapriolen-36339932.html,"Kopiere den aktuellen Link
Zur Merkliste hinzufügen
Starkregen, Hitze und Hagel fordern Theaterfestivals heraus. Wie sich Veranstalter mit kreativen Lösungen gegen Wetterextreme wappnen.

Starkrege… [+5596 chars]",
28d10518109d8abc3e5dccab37df4c4c,2025-11-14T05:09:49Z,'Gewitter',www.stern.de,de,0.9,Wetter: Wolken und teils Regen in Rheinland-Pfalz und dem Saarland,In Rheinland-Pfalz und dem Saarland bringt das Ende der Woche einige Wolken und zeitweise Regen. Für den Samstag sind auch Gewitter nicht ganz ausgeschlossen. Die Aussichten.,https://www.stern.de/gesellschaft/regional/rheinland-pfalz-saarland/wetter--wolken-und-teils-regen-in-rheinland-pfalz-und-dem-saarland-36344276.html,https://image.stern.de/36344278/t/R9/v1/w1440/r1.7778/-/14--wourr5gwowv5axs2048jpeg---947e15b518aa8c0c.jpg,http://web.archive.org/web/20251116021615/https://www.stern.de/gesellschaft/regional/rheinland-pfalz-saarland/wetter--wolken-und-teils-regen-in-rheinland-pfalz-und-dem-saarland-36344276.html,"Kopiere den aktuellen Link
Zur Merkliste hinzufügen
In Rheinland-Pfalz und dem Saarland bringt das Ende der Woche einige Wolken und zeitweise Regen. Für den Samstag sind auch Gewitter nicht ganz au… [+899 chars]",
