,phrase,label,sentiment,subjectivity,language,count,gnd,geonames,geotype,latitude,longitude,continent,country,ipcc
Berlin,Berlin,LOC,-0.01401725,0.08780037,de,108.20000000,4005728-8,2950159,P,52.52437000,13.41053000,EUROPE,Germany,WCE
Hessen,Hessen,LOC,-0.11250426,0.00255885,de,97.70000000,4024729-6,2905330,A,50.55000000,9.00000000,EUROPE,Germany,WCE
Brandenburg,Brandenburg,LOC,0.05092593,0.10149573,de,93.60000000,4007955-7,2945356,A,52.45905000,13.01582000,EUROPE,Germany,WCE
Bayern,Bayern,LOC,-0.14801639,0.09702458,de,77.30000000,4005044-0,2951839,A,49.00000000,11.50000000,EUROPE,Germany,WCE
Rheinland-Pfalz,Rheinland-Pfalz,LOC,-0.19807370,0.05443886,de,59.70000000,4049795-1,2847618,A,49.66667000,7.50000000,EUROPE,Germany,WCE
Deutschland,Deutschland,LOC,-0.21949686,0.05031447,de,53.00000000,4011882-4,2921044,A,51.50000000,10.50000000,EUROPE,Germany,WCE
Gewitter,Gewitter,LOC,-0.14435946,0.00000000,de,52.30000000,,0,,,,,,
Saarland,Saarland,LOC,-0.16356209,0.03104575,de,51.00000000,4076919-7,2842635,A,49.40472000,6.96083000,EUROPE,Germany,WCE
NRW,NRW,LOC,-0.06284805,0.09546539,de,41.90000000,4031483-2,2886242,P,50.93333000,6.95000000,EUROPE,Germany,WCE
Baden-Württemberg,Baden-Württemberg,LOC,0.01776650,0.00000000,de,39.40000000,4004176-1,2953481,A,48.50000000,9.00000000,EUROPE,Germany,WCE
Thüringen,Thüringen,LOC,-0.27656676,0.00908265,de,36.70000000,4059979-6,2822542,A,50.91667000,11.00000000,EUROPE,Germany,WCE
Sachsen-Anhalt,Sachsen-Anhalt,LOC,-0.21017932,0.00000000,de,31.60000000,4036934-1,2874545,P,52.12773000,11.62916000,EUROPE,Germany,WCE
Sturmböen,Sturmböen,LOC,-0.21178344,0.00000000,de,31.40000000,,0,,,,,,
Sachsen,Sachsen,LOC,-0.32838284,0.00000000,de,30.30000000,4051181-9,2842565,A,52.00000000,11.73330000,EUROPE,Germany,WCE
Nordrhein-Westfalen,Nordrhein-Westfalen,LOC,-0.03530093,0.00000000,de,28.80000000,4031483-2,2886242,P,50.93333000,6.95000000,EUROPE,Germany,WCE
Deutschlands,Deutschlands,LOC,-0.24178404,0.21126761,de,21.30000000,,0,,,,,,
Ibiza,Ibiza,LOC,0.04143646,0.01381215,de,18.10000000,4026432-4,6299339,S,38.87286000,1.37312000,EUROPE-AFRICA,Spain,MED
Offenbach,Offenbach,LOC,-0.23538012,0.00000000,de,17.10000000,4043359-6,2857807,P,50.10061000,8.76647000,EUROPE,Germany,WCE
Niedersachsen,Niedersachsen,LOC,-0.32500000,0.00000000,de,16.00000000,4042226-4,2862926,A,52.83333000,9.16667000,EUROPE,Germany,WCE
…,…,LOC,0.05448718,0.00000000,de,15.60000000,,0,,,,,,
Starkregen,Starkregen,LOC,-0.68092105,0.00000000,de,15.20000000,,0,,,,,,
Mars,Mars,LOC,0.02542373,0.00000000,de,11.80000000,,6621751,T,-76.66667000,161.95000000,POLAR,Antarctica,EAN
Schleswig-Holstein,Schleswig-Holstein,LOC,0.05504587,0.00000000,de,10.90000000,4052692-6,2838632,A,54.20000000,9.75000000,EUROPE,Germany,NEU
Formentera,Formentera,LOC,-0.12844037,0.00000000,de,10.90000000,4017869-9,2517690,T,38.69467000,1.46919000,EUROPE-AFRICA,Spain,MED
Gewittern,Gewittern,LOC,-0.28000000,0.00000000,de,10.00000000,,0,,,,,,
Regen,Regen,LOC,0.00000000,0.00000000,de,10.00000000,4048975-9,2849495,P,48.97190000,13.12824000,EUROPE,Germany,WCE
Anmarsch,Anmarsch,LOC,0.00000000,0.00000000,de,9.10000000,,0,,,,,,
Böen,Böen,LOC,-0.08536585,0.00000000,de,8.20000000,,3160910,P,59.75000000,8.78333000,EUROPE,Norway,NEU
Bayerns,Bayerns,LOC,0.39634146,0.00000000,de,8.20000000,,0,,,,,,
München,München,LOC,0.29629630,0.12345679,de,8.10000000,4245720-8,2867714,P,48.13743000,11.57549000,EUROPE,Germany,WCE
Tourette,Tourette,LOC,0.05479452,0.13698630,de,7.30000000,4328062-6,3006197,P,43.38057000,2.33399000,EUROPE-AFRICA,France,MED
Freistaat,Freistaat,LOC,-0.07272727,0.00000000,de,5.50000000,4059979-6,2822542,A,50.91667000,11.00000000,EUROPE,Germany,WCE
Schauern,Schauern,LOC,0.06060606,0.00000000,de,5.50000000,,11696205,P,48.47195000,13.75239000,EUROPE,Austria,WCE
Bäume,Bäume,LOC,-0.74545455,0.00000000,de,5.50000000,,0,,,,,,
Hitze,Hitze,LOC,0.12727273,0.18181818,de,5.50000000,,2903464,S,50.36667000,12.00000000,EUROPE,Germany,WCE
Niedersachsens,Niedersachsens,LOC,-0.59090909,0.00000000,de,5.50000000,,0,,,,,,
Bremen,Bremen,LOC,-0.60000000,0.00000000,de,5.50000000,4090044-7,2944388,P,53.07582000,8.80717000,EUROPE,Germany,NEU
Rhein-Main-Liveblog,Rhein-Main-Liveblog,LOC,0.00000000,0.00000000,de,5.50000000,,0,,,,,,
Schauer,Schauer,LOC,0.00000000,0.00000000,de,5.50000000,,5046138,H,44.65575000,-94.05097000,NORTH-AMERICA,United States,CNA
Düsseldorf,Düsseldorf,LOC,-0.38181818,0.00000000,de,5.50000000,4013255-9,2934246,P,51.22172000,6.77616000,EUROPE,Germany,WCE
Temperaturen,Temperaturen,LOC,0.25925926,0.00000000,de,5.40000000,,0,,,,,,
Hamburg,Hamburg,LOC,0.18867925,0.00000000,de,5.30000000,4239189-1,2911298,P,53.55073000,9.99302000,EUROPE,Germany,NEU
Köln,Köln,LOC,-0.45652174,0.00000000,de,4.60000000,4031483-2,2886242,P,50.93333000,6.95000000,EUROPE,Germany,WCE
Windböen,Windböen,LOC,0.15217391,0.00000000,de,4.60000000,,0,,,,,,
Erde,Erde,LOC,0.67391304,0.00000000,de,4.60000000,1135962553,6295630,L,0.00000000,0.00000000,ATLANTIC,,EAO
Niederösterreich,Niederösterreich,LOC,0.00000000,0.00000000,de,4.60000000,4075391-8,2770542,A,48.33333000,15.75000000,EUROPE,Austria,WCE
Erfurt,Erfurt,LOC,-0.06521739,0.00000000,de,4.60000000,4015240-6,2929670,P,50.97734000,11.03536000,EUROPE,Germany,WCE
Wind,Wind,LOC,0.00000000,0.00000000,de,4.60000000,,8335343,L,31.29000000,18.03000000,EUROPE-AFRICA,,MED
Sonnenschein,Sonnenschein,LOC,0.00000000,0.00000000,de,4.60000000,,2831137,T,54.08202000,10.75910000,EUROPE,Germany,NEU
Bonn,Bonn,LOC,0.39130435,0.00000000,de,4.60000000,4007666-0,6296510,S,50.87894000,7.12292000,EUROPE,Germany,WCE
Kreis Alzey-Worms,Kreis Alzey-Worms,LOC,0.00000000,0.00000000,de,4.60000000,,0,,,,,,
Rhein-Main,Rhein-Main,LOC,-0.70000000,0.00000000,de,4.50000000,,2847616,L,50.00000000,8.66667000,EUROPE,Germany,WCE
“,“,LOC,-0.37777778,0.00000000,de,4.50000000,,0,,,,,,
Wien,Wien,LOC,0.60465116,0.00000000,de,4.30000000,4066009-6,2761369,P,48.20849000,16.37208000,EUROPE,Austria,WCE
Osnabrück,Osnabrück,LOC,0.50000000,0.00000000,de,4.30000000,4043974-4,2856883,P,52.27264000,8.04980000,EUROPE,Germany,WCE
Stuttgart,Stuttgart,LOC,0.00000000,0.00000000,de,3.80000000,4058282-6,2825297,P,48.78232000,9.17702000,EUROPE,Germany,WCE
Hagelschaden,Hagelschaden,LOC,0.09729730,0.00000000,de,3.70000000,,0,,,,,,
Schweden,Schweden,LOC,0.00000000,0.00000000,de,3.70000000,4077258-5,2661886,A,62.00000000,15.00000000,EUROPE,Sweden,NEU
Pergola,Pergola,LOC,0.00000000,0.00000000,de,3.70000000,1230581-9,3171212,P,43.55485000,12.83633000,EUROPE-AFRICA,Italy,MED
Jupiter,Jupiter,LOC,0.83783784,0.00000000,de,3.70000000,,4160610,P,26.93422000,-80.09421000,NORTH-AMERICA,United States,ENA
Saturn,Saturn,LOC,0.83783784,0.00000000,de,3.70000000,,6624777,T,-66.13333000,101.15000000,POLAR,Antarctica,EAN
Dresden,Dresden,LOC,0.27027027,0.00000000,de,3.70000000,4012995-0,2935022,P,51.05089000,13.73832000,EUROPE,Germany,WCE
Regenjacke,Regenjacke,LOC,0.09459459,0.00000000,de,3.70000000,,0,,,,,,
USA,USA,LOC,-0.35135135,0.00000000,de,3.70000000,4078704-7,6255150,L,-14.60485000,-57.65625000,SOUTH-AMERICA,Brazil,SAM
Gewitterfront,Gewitterfront,LOC,-0.18918919,0.00000000,de,3.70000000,,0,,,,,,
Österreich,Österreich,LOC,-0.18918919,0.00000000,de,3.70000000,4043271-3,2782113,A,47.33333000,13.33333000,EUROPE,Austria,WCE
Alpen,Alpen,LOC,-0.22522523,0.00000000,de,3.70000000,4001328-5,682673,T,45.50000000,24.25000000,EUROPE,Romania,WCE
Wetterwechsel,Wetterwechsel,LOC,0.37837838,0.27027027,de,3.70000000,,0,,,,,,
Graz,Graz,LOC,-0.41891892,0.00000000,de,3.70000000,4021912-4,2778067,P,47.06733000,15.44197000,EUROPE,Austria,WCE
Miami,Miami,LOC,0.27027027,0.00000000,de,3.70000000,4039108-5,4164138,P,25.77427000,-80.19366000,NORTH-AMERICA,United States,ENA
Oberkrämer,Oberkrämer,LOC,-1.05882353,0.00000000,de,3.40000000,4716333-1,2932073,P,52.69527000,13.11244000,EUROPE,Germany,WCE
Graupel,Graupel,LOC,0.00000000,0.00000000,de,2.80000000,,0,,,,,,
Alb,Alb,LOC,-0.25000000,0.00000000,de,2.80000000,4075416-9,2990440,P,43.70313000,7.26608000,EUROPE-AFRICA,France,MED
Potsdam,Potsdam,LOC,-0.17857143,0.17857143,de,2.80000000,4046948-7,2852458,P,52.39886000,13.06566000,EUROPE,Germany,WCE
lrs,lrs,LOC,-0.60714286,0.00000000,de,2.80000000,,5880061,S,70.13395000,-143.58045000,NORTH-AMERICA,United States,NWN
Harz,Harz,LOC,0.00000000,0.00000000,de,2.80000000,4023568-3,2909965,T,51.75619000,10.63462000,EUROPE,Germany,WCE
Ungemütliches Regenwetter,Ungemütliches Regenwetter,LOC,-0.16071429,0.00000000,de,2.80000000,,0,,,,,,
Rhein,Rhein,LOC,0.00000000,0.00000000,de,2.80000000,4049739-2,12077024,L,49.31885000,8.77012000,EUROPE,Germany,WCE
krachen,krachen,LOC,0.00000000,0.00000000,de,2.80000000,,8196893,P,14.52586000,100.47656000,ASIA,Thailand,SEA
Gewitterwolken,Gewitterwolken,LOC,0.00000000,0.00000000,de,2.80000000,,0,,,,,,
Bebelplatz,Bebelplatz,LOC,0.00000000,0.00000000,de,2.80000000,,7931989,S,51.31615000,9.46451000,EUROPE,Germany,WCE
lsw,lsw,LOC,0.00000000,0.00000000,de,2.80000000,,1214658,P,5.18010000,97.15070000,ASIA,Indonesia,SEA
Magdeburg,Magdeburg,LOC,-0.35714286,0.00000000,de,2.80000000,4036934-1,2874545,P,52.13129000,11.63189000,EUROPE,Germany,WCE
Sturm,Sturm,LOC,0.00000000,0.00000000,de,2.80000000,,6626207,T,-71.05000000,162.96667000,POLAR,Antarctica,EAN
Sturmböen“,Sturmböen“,LOC,-0.25000000,0.00000000,de,2.80000000,,0,,,,,,
Erzbistum Berlin,Erzbistum Berlin,LOC,0.00000000,0.00000000,de,2.80000000,,0,,,,,,
Gewittergefahr,Gewittergefahr,LOC,0.00000000,0.00000000,de,2.80000000,,0,,,,,,
Neiße,Neiße,LOC,0.00000000,0.00000000,de,2.80000000,4041573-9,2866578,H,52.06944000,14.75583000,EUROPE,Poland,WCE
Olympia,Olympia,LOC,-0.35714286,0.00000000,de,2.80000000,4271795-4,5805687,P,47.04491000,-122.90169000,NORTH-AMERICA,United States,WNA
Wochenendes,Wochenendes,LOC,0.71428571,0.00000000,de,2.80000000,,0,,,,,,
Gewitterrisiko,Gewitterrisiko,LOC,0.00000000,0.00000000,de,2.80000000,,0,,,,,,
Unwetter,Unwetter,LOC,0.00000000,0.00000000,de,2.70000000,,0,,,,,,
Oberlandesgerichts Wien,Oberlandesgerichts Wien,LOC,0.00000000,0.00000000,de,2.60000000,,0,,,,,,
Cockpit-Stimmenrekorders,Cockpit-Stimmenrekorders,LOC,0.00000000,0.00000000,de,2.60000000,,0,,,,,,
A10,A10,LOC,-1.07692308,0.00000000,de,2.60000000,,6728453,L,25.07090000,121.53150000,ASIA,Taiwan,EAS
Kreis Oberhavel,Kreis Oberhavel,LOC,-1.07692308,0.00000000,de,2.60000000,,0,,,,,,
Nied,Nied,LOC,0.00000000,0.00000000,de,2.60000000,4101187-9,2863691,H,49.38333000,6.66667000,EUROPE,Germany,WCE
Indiens,Indiens,LOC,0.00000000,0.00000000,de,2.60000000,,6012211,H,48.85944000,-74.48361000,NORTH-AMERICA,Canada,ENA
Tornados,Tornados,LOC,-0.13461538,0.19230769,de,2.60000000,,0,,,,,,
Bilderbuch-Sommertage,Bilderbuch-Sommertage,LOC,0.00000000,0.00000000,de,1.90000000,,0,,,,,,
Göttingen,Göttingen,LOC,0.00000000,0.00000000,de,1.90000000,4021477-1,2918632,P,51.53443000,9.93228000,EUROPE,Germany,WCE
Straden,Straden,LOC,-0.36842105,0.00000000,de,1.90000000,4106046-5,7872491,A,46.79675000,15.85642000,EUROPE,Austria,WCE
Weststeiermark,Weststeiermark,LOC,-0.36842105,0.00000000,de,1.90000000,4079252-3,7873359,A,46.90703000,15.32536000,EUROPE,Austria,WCE
Wetter-Vorhersage,Wetter-Vorhersage,LOC,0.00000000,0.00000000,de,1.90000000,,0,,,,,,
Hitzetagen,Hitzetagen,LOC,-1.05263158,0.00000000,de,1.90000000,,0,,,,,,
Bergen,Bergen,LOC,0.36842105,0.00000000,de,1.90000000,1027742-0,3161732,P,60.39299000,5.32415000,EUROPE,Norway,NEU
Großlobming,Großlobming,LOC,-0.52631579,0.00000000,de,1.90000000,4086825-4,2777649,P,47.18333000,14.80000000,EUROPE,Austria,WCE
Bergland,Bergland,LOC,-0.36842105,0.00000000,de,1.90000000,,3313702,L,49.60000000,7.25000000,EUROPE,Germany,WCE
U6,U6,LOC,0.00000000,1.05263158,de,1.90000000,,2641942,P,55.94170000,-3.04991000,EUROPE,United Kingdom,NEU
Weilheim,Weilheim,LOC,0.00000000,0.00000000,de,1.90000000,,7302756,L,47.80895000,10.98830000,EUROPE,Germany,WCE
Einbruch,Einbruch,LOC,-0.60526316,0.00000000,de,1.90000000,,0,,,,,,
Nebel,Nebel,LOC,0.00000000,0.00000000,de,1.90000000,,12152659,S,56.37689000,107.07058000,ASIA,Russia,ESB
den USA,den USA,LOC,0.36842105,0.00000000,de,1.90000000,4011446-6,2747373,P,52.07667000,4.29861000,EUROPE,The Netherlands,NEU
Sommerliche Pfingsten,Sommerliche Pfingsten,LOC,0.73684211,0.00000000,de,1.90000000,,0,,,,,,
sn,sn,LOC,-0.52631579,0.00000000,de,1.90000000,4000695-5,6255146,L,7.18810000,21.09375000,AFRICA,Central African Republic,CAF
Delhi,Delhi,LOC,0.00000000,0.00000000,de,1.90000000,4011371-1,1273294,P,28.65195000,77.23149000,ASIA,India,SAS
Schauer-Wochenende,Schauer-Wochenende,LOC,0.00000000,0.00000000,de,1.90000000,,0,,,,,,
Bergflocken,Bergflocken,LOC,0.00000000,0.00000000,de,1.90000000,,0,,,,,,
Freien Nehmer-Qualitäten,Freien Nehmer-Qualitäten,LOC,0.36842105,0.00000000,de,1.90000000,,0,,,,,,
Feldberg,Feldberg,LOC,1.05263158,0.00000000,de,1.90000000,,2927445,T,47.87399000,8.00371000,EUROPE,Germany,WCE
Bergnot,Bergnot,LOC,0.52631579,0.00000000,de,1.90000000,,0,,,,,,
Offenbach am Main,Offenbach am Main,LOC,0.00000000,0.00000000,de,1.90000000,4043359-6,2857807,P,50.10061000,8.76647000,EUROPE,Germany,WCE
Gewitterpotenzial,Gewitterpotenzial,LOC,0.00000000,0.00000000,de,1.90000000,,0,,,,,,
Prignitz,Prignitz,LOC,0.00000000,0.00000000,de,1.90000000,4047245-0,2852047,L,53.00000000,12.00000000,EUROPE,Germany,WCE
Land,Land,LOC,-0.36842105,0.00000000,de,1.90000000,,3421288,L,81.90000000,-56.75000000,POLAR,Greenland,GIC
Zuhal,Zuhal,LOC,0.00000000,0.00000000,de,1.90000000,,69488,T,16.00364000,42.58986000,ASIA,Yemen,ARP
Wiener Rathaus,Wiener Rathaus,LOC,-0.52631579,0.00000000,de,1.90000000,,6324756,S,48.21071000,16.35760000,EUROPE,Austria,WCE
Ni…,Ni…,LOC,0.00000000,0.00000000,de,1.90000000,,0,,,,,,
Gießen,Gießen,LOC,0.00000000,0.00000000,de,1.90000000,4020989-1,2920512,P,50.58727000,8.67554000,EUROPE,Germany,WCE
Hochlagen,Hochlagen,LOC,-0.36842105,0.00000000,de,1.90000000,,0,,,,,,
Süddeutschland,Süddeutschland,LOC,-0.36842105,0.52631579,de,1.90000000,4078022-3,12909096,L,48.58781000,10.71652000,EUROPE,Germany,WCE
Stadt Wien,Stadt Wien,LOC,-0.15789474,0.00000000,de,1.90000000,4066009-6,2761369,P,48.20849000,16.37208000,EUROPE,Austria,WCE
Frankfurt,Frankfurt,LOC,-0.35087719,0.00000000,de,1.90000000,4018118-2,2925533,P,50.11552000,8.68417000,EUROPE,Germany,WCE
Eurovision Village,Eurovision Village,LOC,-0.52631579,0.00000000,de,1.90000000,,0,,,,,,
Schwerin,Schwerin,LOC,0.36842105,0.00000000,de,1.90000000,4053950-7,2834282,P,53.62937000,11.41316000,EUROPE,Germany,WCE
Limburg,Limburg,LOC,-1.05263158,0.00000000,de,1.90000000,4036784-8,2751283,P,50.84833000,5.68889000,EUROPE,The Netherlands,WCE
Sicherheitsgründen,Sicherheitsgründen,LOC,0.00000000,0.00000000,de,1.90000000,,0,,,,,,
Wiesbaden,Wiesbaden,LOC,-1.05263158,0.00000000,de,1.90000000,4066043-6,2809346,P,50.08601000,8.24435000,EUROPE,Germany,WCE
Bodennähe,Bodennähe,LOC,-1.05263158,0.00000000,de,1.90000000,,0,,,,,,
Youtube-Kanal,Youtube-Kanal,LOC,0.36842105,0.00000000,de,1.90000000,,0,,,,,,
Rom,Rom,LOC,-0.73684211,0.00000000,de,1.90000000,4050471-2,3169070,P,41.89193000,12.51133000,EUROPE-AFRICA,Italy,MED
Museum von Olympia,Museum von Olympia,LOC,0.00000000,0.00000000,de,1.90000000,,0,,,,,,
Kaltfront,Kaltfront,LOC,0.00000000,0.00000000,de,1.90000000,,0,,,,,,
Bali,Bali,LOC,0.00000000,0.00000000,de,1.90000000,4004327-7,1650534,T,-8.33333000,115.00000000,ASIA,Indonesia,SEA
lhe,lhe,LOC,-0.44736842,0.00000000,de,1.90000000,4034107-0,1172451,P,31.55800000,74.35071000,ASIA,Pakistan,WCA
Lübeck,Lübeck,LOC,-0.36842105,0.00000000,de,1.90000000,4036483-5,2875601,P,53.86893000,10.68729000,EUROPE,Germany,NEU
Sturmböen fegen,Sturmböen fegen,LOC,-0.36842105,0.00000000,de,1.90000000,,0,,,,,,
Brandenburgs,Brandenburgs,LOC,-0.36842105,0.00000000,de,1.90000000,,8181624,S,52.36213000,13.50168000,EUROPE,Germany,WCE
Risiko,Risiko,LOC,0.97368421,0.00000000,de,1.90000000,,0,,,,,,
Osnabrücker Kirche,Osnabrücker Kirche,LOC,0.00000000,0.00000000,de,1.90000000,,0,,,,,,
Überflutungen,Überflutungen,LOC,-0.73684211,0.00000000,de,1.90000000,,0,,,,,,
Hitzeglocke,Hitzeglocke,LOC,-0.18421053,0.26315789,de,1.90000000,,0,,,,,,
Bahnhöfen,Bahnhöfen,LOC,0.00000000,0.00000000,de,1.90000000,,0,,,,,,
Landes,Landes,LOC,-0.36842105,0.00000000,de,1.90000000,,3007868,L,44.25000000,-1.00000000,EUROPE-AFRICA,France,MED
schwülwarmer,schwülwarmer,LOC,-0.97368421,0.00000000,de,1.90000000,,0,,,,,,
Blitzlicht-Gewitter-Podcast,Blitzlicht-Gewitter-Podcast,LOC,0.73684211,0.00000000,de,1.90000000,,0,,,,,,
Peru,Peru,LOC,0.00000000,0.00000000,de,1.90000000,4045312-1,3932488,A,-10.00000000,-75.25000000,SOUTH-AMERICA,Peru,NWS
Westautobahn,Westautobahn,LOC,0.00000000,0.00000000,de,1.90000000,,0,,,,,,
Hagel,Hagel,LOC,-0.52631579,0.00000000,de,1.90000000,,5968859,H,57.13837000,-97.26691000,NORTH-AMERICA,Canada,NEN
Salzburg,Salzburg,LOC,-0.36842105,0.00000000,de,1.90000000,4076982-3,2766824,P,47.79941000,13.04399000,EUROPE,Austria,WCE
Blitze,Blitze,LOC,0.00000000,0.00000000,de,1.90000000,,2948144,P,50.75690000,7.48473000,EUROPE,Germany,WCE
Blitzlicht-Gewitter-Podcaster Alice,Blitzlicht-Gewitter-Podcaster Alice,LOC,-0.18421053,0.26315789,de,1.90000000,,0,,,,,,
Brand,Brand,LOC,-0.36842105,0.00000000,de,1.90000000,4278589-3,2945341,P,50.86643000,13.32285000,EUROPE,Germany,WCE
Tobo,Tobo,LOC,-0.18421053,0.26315789,de,1.90000000,,2668564,P,60.25840000,17.65606000,EUROPE,Sweden,NEU
Youtube-Szene,Youtube-Szene,LOC,0.00000000,0.00000000,de,1.90000000,,0,,,,,,
Instagram,Instagram,LOC,0.00000000,0.00000000,de,1.90000000,,12070367,S,40.63591000,22.94217000,EUROPE-AFRICA,Greece,MED
Schloss Dobersberg,Schloss Dobersberg,LOC,-0.36842105,0.00000000,de,1.90000000,,0,,,,,,
Umzügen,Umzügen,LOC,-0.73684211,0.00000000,de,1.90000000,,0,,,,,,
Freien am Freitag,Freien am Freitag,LOC,0.73684211,0.00000000,de,1.90000000,,0,,,,,,
Kreuz Schwerin,Kreuz Schwerin,LOC,-0.38888889,0.00000000,de,1.80000000,,13556812,S,53.42371000,11.52073000,EUROPE,Germany,WCE
Duisburg,Duisburg,LOC,0.00000000,0.00000000,de,1.80000000,4013284-5,2934691,P,51.43247000,6.76516000,EUROPE,Germany,WCE
Verkehrsministeriums,Verkehrsministeriums,LOC,0.00000000,0.00000000,de,1.80000000,,0,,,,,,
Auto-Sturz,Auto-Sturz,LOC,-0.55555556,0.00000000,de,1.80000000,,0,,,,,,
Lich,Lich,LOC,-0.55555556,0.00000000,de,1.80000000,4035592-5,145499,H,39.74765000,46.01521000,ASIA,Armenia,WCA
Tramuntana-Gebirge,Tramuntana-Gebirge,LOC,0.00000000,0.00000000,de,1.80000000,,0,,,,,,
A24,A24,LOC,0.77777778,0.00000000,de,1.80000000,,0,,,,,,
Millionenhöhe,Millionenhöhe,LOC,0.00000000,0.00000000,de,1.80000000,,0,,,,,,
Europas,Europas,LOC,0.00000000,0.00000000,de,1.80000000,,0,,,,,,
Orkanböen,Orkanböen,LOC,0.00000000,0.00000000,de,1.80000000,,0,,,,,,
Versicherungsverband,Versicherungsverband,LOC,0.29166667,0.27777778,de,1.80000000,,0,,,,,,
Unfälle,Unfälle,LOC,0.38888889,0.00000000,de,1.80000000,,0,,,,,,
Wal-Drama,Wal-Drama,LOC,0.00000000,0.00000000,de,1.80000000,,0,,,,,,
Oberbayern,Oberbayern,LOC,-0.80555556,0.13888889,de,1.80000000,4245720-8,2867714,P,48.13743000,11.57549000,EUROPE,Germany,WCE
Waschstraße,Waschstraße,LOC,0.00000000,0.00000000,de,1.80000000,,0,,,,,,
Mecklenburg-Vorpommern,Mecklenburg-Vorpommern,LOC,0.55555556,0.00000000,de,1.80000000,4242861-0,2872567,A,53.83333000,12.50000000,EUROPE,Germany,WCE
CDU-Landeschef,CDU-Landeschef,LOC,-0.46666667,0.00000000,de,1.50000000,,0,,,,,,
Syrien,Syrien,LOC,-0.50000000,0.00000000,de,1.40000000,4058794-0,163843,A,35.00000000,38.00000000,EUROPE-AFRICA,Syria,MED
CSU-Chef,CSU-Chef,LOC,1.66666667,0.83333333,de,1.20000000,,0,,,,,,
Landtagswahl,Landtagswahl,LOC,0.58333333,0.00000000,de,1.20000000,,0,,,,,,
Union,Union,LOC,-0.58333333,0.00000000,de,1.20000000,,3584767,A,13.55000000,-87.90000000,CENTRAL-AMERICA,El Salvador,SCA
Rückführungen,Rückführungen,LOC,0.00000000,0.00000000,de,1.10000000,,0,,,,,,
Landkreis Ludwigslust-Parchim,Landkreis Ludwigslust-Parchim,LOC,0.70000000,0.00000000,de,1.00000000,4230395-3,2855441,P,53.42631000,11.84875000,EUROPE,Germany,WCE
Dauereinsatz,Dauereinsatz,LOC,0.00000000,0.00000000,de,1.00000000,,0,,,,,,
Uttar Pradesh,Uttar Pradesh,LOC,0.00000000,0.00000000,de,1.00000000,4062226-5,1253626,A,27.25000000,80.75000000,ASIA,India,SAS
Murtal,Murtal,LOC,-0.85000000,0.00000000,de,1.00000000,4210288-1,8604685,A,47.16964000,14.66469000,EUROPE,Austria,WCE
Oberösterreich,Oberösterreich,LOC,-0.70000000,0.00000000,de,1.00000000,4074255-6,2772400,P,48.30639000,14.28611000,EUROPE,Austria,WCE
Apfelberg,Apfelberg,LOC,0.00000000,0.00000000,de,1.00000000,404823-4,2955795,T,50.50634000,10.65163000,EUROPE,Germany,WCE
Eisbach-Rein,Eisbach-Rein,LOC,-0.85000000,0.00000000,de,1.00000000,7685172-2,2931629,P,50.71578000,7.29139000,EUROPE,Germany,WCE
Gundelfingen an der Donau,Gundelfingen an der Donau,LOC,-0.35000000,0.50000000,de,1.00000000,4086854-0,2913711,P,48.55347000,10.37223000,EUROPE,Germany,WCE
Bezirk Murtal,Bezirk Murtal,LOC,-1.00000000,0.00000000,de,1.00000000,1029267960,8604685,A,47.16964000,14.66469000,EUROPE,Austria,WCE
Kreis Alzey-Worms“,Kreis Alzey-Worms“,LOC,0.00000000,0.00000000,de,1.00000000,,0,,,,,,
Offenbach/Alzey,Offenbach/Alzey,LOC,0.00000000,0.00000000,de,1.00000000,,0,,,,,,
Rostock,Rostock,LOC,0.00000000,0.00000000,de,1.00000000,4050610-1,2844588,P,54.08870000,12.14049000,EUROPE,Germany,NEU
Waldbrand,Waldbrand,LOC,-1.00000000,0.00000000,de,1.00000000,,0,,,,,,
Bützow,Bützow,LOC,0.00000000,0.00000000,de,1.00000000,4227578-7,2940476,P,53.84133000,11.98145000,EUROPE,Germany,WCE
Warnow,Warnow,LOC,0.00000000,0.00000000,de,1.00000000,4314163-8,2888041,S,53.23647000,11.66366000,EUROPE,Germany,WCE
Offenbach mittei…,Offenbach mittei…,LOC,0.00000000,0.00000000,de,1.00000000,,0,,,,,,
Unfallserie,Unfallserie,LOC,0.70000000,0.00000000,de,1.00000000,,0,,,,,,
NRW am Tag,NRW am Tag,LOC,0.00000000,0.00000000,de,1.00000000,,0,,,,,,
Bierlaune,Bierlaune,LOC,0.00000000,0.00000000,de,1.00000000,,0,,,,,,
Tagesanbruch,Tagesanbruch,LOC,0.00000000,0.00000000,de,1.00000000,,0,,,,,,
Wetterkarten,Wetterkarten,LOC,0.00000000,0.00000000,de,1.00000000,,0,,,,,,
Tagesverlauf,Tagesverlauf,LOC,0.70000000,0.00000000,de,1.00000000,,0,,,,,,
F…,F…,LOC,0.00000000,0.00000000,de,1.00000000,,0,,,,,,
Unwettergefahr,Unwettergefahr,LOC,0.00000000,0.00000000,de,1.00000000,,0,,,,,,
Blitz-Hagel,Blitz-Hagel,LOC,0.70000000,0.00000000,de,1.00000000,,0,,,,,,
Sch…,Sch…,LOC,0.00000000,0.00000000,de,1.00000000,,0,,,,,,
Hauptstadt,Hauptstadt,LOC,0.00000000,0.00000000,de,1.00000000,4076310-9,3067696,P,50.08804000,14.42076000,EUROPE,Czechia,WCE
Tübingen,Tübingen,LOC,0.00000000,0.00000000,de,1.00000000,4061147-4,2820860,P,48.52266000,9.05222000,EUROPE,Germany,WCE
Schlechtwetter,Schlechtwetter,LOC,0.00000000,0.00000000,de,1.00000000,,0,,,,,,
Nordens,Nordens,LOC,0.00000000,0.00000000,de,1.00000000,,6618480,S,54.91413000,-1.58949000,EUROPE,United Kingdom,NEU
Wochenmitte,Wochenmitte,LOC,0.00000000,0.00000000,de,1.00000000,,0,,,,,,
Rathausplatz,Rathausplatz,LOC,0.00000000,0.00000000,de,1.00000000,,10388429,S,47.15967000,9.04593000,EUROPE,Switzerland,WCE
grau-trübem,grau-trübem,LOC,0.00000000,0.00000000,de,1.00000000,,0,,,,,,
Hannover/Bremen,Hannover/Bremen,LOC,0.00000000,0.00000000,de,1.00000000,,0,,,,,,
We…,We…,LOC,-0.70000000,0.00000000,de,1.00000000,,0,,,,,,
Bollerwagen,Bollerwagen,LOC,0.00000000,0.00000000,de,1.00000000,,0,,,,,,
Eurovision Village am Rathausplatz,Eurovision Village am Rathausplatz,LOC,0.00000000,0.00000000,de,1.00000000,,0,,,,,,
Saar,Saar,LOC,0.00000000,0.00000000,de,1.00000000,4058578-5,2824841,P,49.29882000,7.05696000,EUROPE,Germany,WCE
Offenbach/Mainz,Offenbach/Mainz,LOC,0.00000000,0.00000000,de,1.00000000,,0,,,,,,
Männertrupps,Männertrupps,LOC,0.00000000,0.00000000,de,1.00000000,,0,,,,,,
Güssing,Güssing,LOC,0.00000000,0.00000000,de,1.00000000,4104363-7,6299664,S,47.14750000,16.31778000,EUROPE,Austria,WCE
Fuschlsee,Fuschlsee,LOC,0.00000000,0.00000000,de,1.00000000,4093432-9,2779083,H,47.80000000,13.28333000,EUROPE,Austria,WCE
A14,A14,LOC,0.70000000,0.00000000,de,1.00000000,,1671467,P,25.08150000,121.58809000,ASIA,Taiwan,EAS
Autobahn 24,Autobahn 24,LOC,0.00000000,0.00000000,de,1.00000000,,0,,,,,,
Nordsee,Nordsee,LOC,0.70000000,0.00000000,de,1.00000000,4042579-4,2960848,H,55.33333000,3.00000000,EUROPE,,NEU
Tagen der Hitze,Tagen der Hitze,LOC,-1.00000000,0.00000000,de,1.00000000,,0,,,,,,
Gelächter,Gelächter,LOC,0.00000000,0.00000000,de,1.00000000,,0,,,,,,
Abgeordnetensitz,Abgeordnetensitz,LOC,1.00000000,0.00000000,de,1.00000000,,0,,,,,,
Ple…,Ple…,LOC,-1.00000000,0.00000000,de,1.00000000,,0,,,,,,
Tschechoslowakei,Tschechoslowakei,LOC,0.00000000,1.00000000,de,1.00000000,4078435-6,8505031,A,50.08292000,14.46672000,EUROPE,Czechia,WCE
Hitzeperiode,Hitzeperiode,LOC,0.00000000,1.00000000,de,1.00000000,,0,,,,,,
bleibts,bleibts,LOC,0.11666667,0.00000000,de,1.00000000,,0,,,,,,
Starkregen“,Starkregen“,LOC,0.70000000,0.00000000,de,1.00000000,,0,,,,,,
Live-Karten,Live-Karten,LOC,-1.00000000,0.00000000,de,1.00000000,,0,,,,,,
Haus“,Haus“,LOC,0.00000000,0.00000000,de,1.00000000,,0,,,,,,
Finnland,Finnland,LOC,0.00000000,0.00000000,de,1.00000000,4017243-0,660013,A,64.00000000,26.00000000,EUROPE,Finland,NEU
Finnlands,Finnlands,LOC,-1.00000000,0.00000000,de,1.00000000,,4992603,H,45.72691000,-87.19819000,NORTH-AMERICA,United States,ENA
Landkreis Aurich,Landkreis Aurich,LOC,0.00000000,0.00000000,de,1.00000000,4003660-1,2954006,P,53.46963000,7.48239000,EUROPE,Germany,NEU
Südoststeiermark,Südoststeiermark,LOC,0.00000000,0.00000000,de,1.00000000,118857597X,8604689,A,46.94089000,15.88623000,EUROPE,Austria,WCE
Aurich,Aurich,LOC,0.00000000,0.00000000,de,1.00000000,4003660-1,2954006,P,53.46963000,7.48239000,EUROPE,Germany,NEU
Marktl,Marktl,LOC,-0.70000000,0.00000000,de,1.00000000,4491052-6,2873298,P,48.25516000,12.84470000,EUROPE,Germany,WCE
Wiesmoor,Wiesmoor,LOC,0.00000000,0.00000000,de,1.00000000,4194772-1,6558477,A,53.41290000,7.71717000,EUROPE,Germany,NEU
Hof bei Straden,Hof bei Straden,LOC,-0.70000000,0.00000000,de,1.00000000,4816037-4,2775847,P,46.80000000,15.93333000,EUROPE,Austria,WCE
Hürth,Hürth,LOC,-0.70000000,0.00000000,de,1.00000000,4026083-5,2897216,P,50.87079000,6.86761000,EUROPE,Germany,WCE
Großefehn,Großefehn,LOC,0.00000000,0.00000000,de,1.00000000,127924058X,2870911,P,53.39049000,7.56052000,EUROPE,Germany,NEU
Bundeslan…,Bundeslan…,LOC,0.00000000,0.00000000,de,1.00000000,,0,,,,,,
Kreis Aurich,Kreis Aurich,LOC,-1.00000000,0.00000000,de,1.00000000,,0,,,,,,
St…,St…,LOC,0.00000000,0.00000000,de,1.00000000,,0,,,,,,
Norddeutschlands,Norddeutschlands,LOC,0.00000000,0.00000000,de,1.00000000,,0,,,,,,
Fernwald-Steinb…,Fernwald-Steinb…,LOC,0.00000000,0.00000000,de,1.00000000,,0,,,,,,
Baggersee,Baggersee,LOC,-1.00000000,0.00000000,de,1.00000000,,13606775,H,53.39410000,10.06340000,EUROPE,Germany,NEU
Tränen-Interview,Tränen-Interview,LOC,0.00000000,0.00000000,de,1.00000000,,0,,,,,,
Südburgenland Gewitter,Südburgenland Gewitter,LOC,0.70000000,0.00000000,de,1.00000000,,0,,,,,,
Morgengrauen,Morgengrauen,LOC,1.00000000,0.00000000,de,1.00000000,,0,,,,,,
Weser,Weser,LOC,0.70000000,0.00000000,de,1.00000000,4042268-9,2862620,P,52.64610000,9.22086000,EUROPE,Germany,WCE
Taunusstein-Hahn,Taunusstein-Hahn,LOC,-1.00000000,0.00000000,de,1.00000000,4094493-1,2912367,P,50.14430000,8.16557000,EUROPE,Germany,WCE
Kreis Marburg-Biedenkopf,Kreis Marburg-Biedenkopf,LOC,0.00000000,0.00000000,de,1.00000000,,0,,,,,,
Hagelschauer,Hagelschauer,LOC,0.70000000,0.00000000,de,1.00000000,,0,,,,,,
Mondsee,Mondsee,LOC,0.00000000,0.00000000,de,1.00000000,4333077-0,2771278,H,47.81667000,13.38333000,EUROPE,Austria,WCE
Wolfgangsee,Wolfgangsee,LOC,0.00000000,0.00000000,de,1.00000000,4051640-4,2783066,H,47.74648000,13.40538000,EUROPE,Austria,WCE
Wallersee,Wallersee,LOC,0.00000000,0.00000000,de,1.00000000,4024386-2,2776513,P,47.90000000,13.18333000,EUROPE,Austria,WCE
Oberwart,Oberwart,LOC,0.00000000,0.00000000,de,1.00000000,4043013-3,2769623,P,47.28971000,16.20595000,EUROPE,Austria,WCE
Flachgauer,Flachgauer,LOC,0.00000000,0.00000000,de,1.00000000,,0,,,,,,
Land Salzburg,Land Salzburg,LOC,0.00000000,0.00000000,de,1.00000000,4076982-3,2766824,P,47.79941000,13.04399000,EUROPE,Austria,WCE
Sonntag aufklart,Sonntag aufklart,LOC,1.00000000,0.00000000,de,1.00000000,,0,,,,,,
Bergflocken“,Bergflocken“,LOC,0.00000000,0.00000000,de,1.00000000,,0,,,,,,
Winterjacke,Winterjacke,LOC,0.85000000,0.00000000,de,1.00000000,,0,,,,,,
A3,A3,LOC,0.00000000,0.00000000,de,1.00000000,,7628316,A,56.65139000,23.92806000,EUROPE,Latvia,WCE
Mittwochabend,Mittwochabend,LOC,0.00000000,0.00000000,de,1.00000000,,0,,,,,,
Lahn-Dill-Kreis,Lahn-Dill-Kreis,LOC,0.00000000,0.00000000,de,1.00000000,4065878-8,2809889,P,50.56109000,8.50495000,EUROPE,Germany,WCE
Strommasten,Strommasten,LOC,0.00000000,0.00000000,de,1.00000000,,0,,,,,,
Schwimmbad,Schwimmbad,LOC,-1.00000000,0.00000000,de,1.00000000,,6269516,L,50.54825000,7.21980000,EUROPE,Germany,WCE
Bad Nauheim,Bad Nauheim,LOC,-0.70000000,0.00000000,de,1.00000000,4041439-5,2953395,P,50.36463000,8.73859000,EUROPE,Germany,WCE
Schnellcheck,Schnellcheck,LOC,0.70000000,0.00000000,de,1.00000000,,0,,,,,,
Einsätzen,Einsätzen,LOC,0.00000000,0.00000000,de,1.00000000,,0,,,,,,
Melle,Melle,LOC,0.00000000,0.00000000,de,1.00000000,4038554-1,3173610,P,44.56197000,7.31948000,EUROPE-AFRICA,Italy,MED
Bad Homburg,Bad Homburg,LOC,0.00000000,0.00000000,de,1.00000000,4025770-8,2953436,P,50.22683000,8.61816000,EUROPE,Germany,WCE
Fulda,Fulda,LOC,-1.00000000,0.00000000,de,1.00000000,4018859-0,2923822,P,50.55162000,9.67518000,EUROPE,Germany,WCE
Brachttal,Brachttal,LOC,-1.00000000,0.00000000,de,1.00000000,4260093-5,2945607,A,50.30512000,9.29420000,EUROPE,Germany,WCE
Mainz,Mainz,LOC,-0.50000000,0.00000000,de,1.00000000,4037124-4,2874225,P,49.98185000,8.28008000,EUROPE,Germany,WCE
Erfurt/Leipzig,Erfurt/Leipzig,LOC,-1.00000000,0.00000000,de,1.00000000,,0,,,,,,
Höchsttemperaturen,Höchsttemperaturen,LOC,0.00000000,0.00000000,de,1.00000000,,0,,,,,,
Südniedersachsen,Südniedersachsen,LOC,0.00000000,0.00000000,de,1.00000000,,0,,,,,,
Taunusstein,Taunusstein,LOC,-0.33333333,0.00000000,de,1.00000000,4059164-5,2823799,P,50.14993000,8.15206000,EUROPE,Germany,WCE
Hanau,Hanau,LOC,-0.33333333,0.00000000,de,1.00000000,4023201-3,2911007,P,50.13423000,8.91418000,EUROPE,Germany,WCE
Pityusen,Pityusen,LOC,0.00000000,0.00000000,de,1.00000000,,0,,,,,,
MV,MV,LOC,0.00000000,0.00000000,de,1.00000000,4003217-6,6255147,L,29.84064000,89.29688000,ASIA,China,TIB
SZ,SZ,LOC,0.00000000,0.00000000,de,1.00000000,4000695-5,6255146,L,7.18810000,21.09375000,AFRICA,Central African Republic,CAF
Straße,Straße,LOC,0.00000000,0.00000000,de,1.00000000,4057131-2,2828871,P,50.31401000,9.46335000,EUROPE,Germany,WCE
Lastesel,Lastesel,LOC,0.00000000,0.00000000,de,1.00000000,,0,,,,,,
Löwen,Löwen,LOC,0.00000000,0.00000000,de,1.00000000,4074300-7,2792482,P,50.87959000,4.70093000,EUROPE,Belgium,WCE
Macho-Vorwürfen,Macho-Vorwürfen,LOC,0.00000000,0.00000000,de,1.00000000,,0,,,,,,
Bordeaux,Bordeaux,LOC,-1.00000000,0.00000000,de,1.00000000,4088072-2,3031582,P,44.84044000,-0.58050000,EUROPE-AFRICA,France,MED
Formenetra,Formenetra,LOC,0.00000000,0.00000000,de,1.00000000,,0,,,,,,
Perus,Perus,LOC,0.00000000,0.00000000,de,1.00000000,4382749-4,1734686,T,4.56388000,102.86731000,ASIA,Malaysia,SEA
Lima,Lima,LOC,0.00000000,0.00000000,de,1.00000000,4035742-9,3936456,P,-12.04318000,-77.02824000,SOUTH-AMERICA,Peru,NWS
Donn…,Donn…,LOC,0.00000000,0.00000000,de,1.00000000,,0,,,,,,
Dax-Konzerns,Dax-Konzerns,LOC,0.00000000,0.00000000,de,1.00000000,,0,,,,,,
Naturkatastrophen,Naturkatastrophen,LOC,0.00000000,0.00000000,de,1.00000000,,0,,,,,,
Knochen,Knochen,LOC,0.00000000,0.00000000,de,1.00000000,,2879904,T,50.69060000,13.16666000,EUROPE,Germany,WCE
Warringholz,Warringholz,LOC,0.00000000,0.00000000,de,1.00000000,,6552252,A,54.08330000,9.46667000,EUROPE,Germany,NEU
Jahresverlauf,Jahresverlauf,LOC,0.00000000,0.00000000,de,1.00000000,,0,,,,,,
blitzarm,blitzarm,LOC,0.00000000,0.00000000,de,1.00000000,,0,,,,,,
Erklärungen,Erklärungen,LOC,0.00000000,0.00000000,de,1.00000000,,0,,,,,,
Meteorologen,Meteorologen,LOC,0.00000000,0.00000000,de,1.00000000,,0,,,,,,
b…,b…,LOC,0.00000000,0.00000000,de,1.00000000,,0,,,,,,
BadenWürttemberg,BadenWürttemberg,LOC,-0.43333333,0.00000000,de,1.00000000,,0,,,,,,
Glatteis-Gefahr,Glatteis-Gefahr,LOC,0.00000000,0.00000000,de,1.00000000,,0,,,,,,
blitzreich,blitzreich,LOC,0.00000000,0.00000000,de,1.00000000,,0,,,,,,
Afrika,Afrika,LOC,1.00000000,0.00000000,de,1.00000000,4000695-5,6255146,L,7.18810000,21.09375000,AFRICA,Central African Republic,CAF
Blitz-Show,Blitz-Show,LOC,0.00000000,0.00000000,de,1.00000000,,0,,,,,,
Ländle,Ländle,LOC,0.00000000,0.00000000,de,1.00000000,,0,,,,,,
Özdemirs,Özdemirs,LOC,-0.50000000,0.00000000,de,1.00000000,,0,,,,,,
Hamburg/Kiel/Schwerin,Hamburg/Kiel/Schwerin,LOC,0.70000000,0.00000000,de,1.00000000,,0,,,,,,
Schwarzwald,Schwarzwald,LOC,-0.70000000,0.00000000,de,1.00000000,4034109-4,2881885,P,48.34042000,7.86886000,EUROPE,Germany,WCE
Ehingen,Ehingen,LOC,0.00000000,0.00000000,de,1.00000000,4085537-5,2932924,P,48.28259000,9.72749000,EUROPE,Germany,WCE
Live-Ticker,Live-Ticker,LOC,0.00000000,0.00000000,de,1.00000000,,0,,,,,,
Peking,Peking,LOC,0.00000000,0.00000000,de,1.00000000,4075971-4,1816670,P,39.90750000,116.39723000,ASIA,China,EAS
Stromentl…,Stromentl…,LOC,0.00000000,0.00000000,de,1.00000000,,0,,,,,,
Deutschland-Blog,Deutschland-Blog,LOC,0.00000000,0.00000000,de,1.00000000,,0,,,,,,
Indien,Indien,LOC,0.00000000,0.00000000,de,1.00000000,4026722-2,1269750,A,22.00000000,79.00000000,ASIA,India,SAS
ruppiges,ruppiges,LOC,0.00000000,0.00000000,de,1.00000000,,0,,,,,,
Dienstag,Dienstag,LOC,0.00000000,0.00000000,de,1.00000000,,0,,,,,,
Anschen,Anschen,LOC,0.70000000,0.00000000,de,1.00000000,,0,,,,,,
lnw,lnw,LOC,0.00000000,0.00000000,de,1.00000000,,6953040,S,52.10500000,-3.63200000,EUROPE,United Kingdom,NEU
Karneval im Rheinland,Karneval im Rheinland,LOC,0.00000000,0.00000000,de,1.00000000,,0,,,,,,
Abendstunden Sturmböen,Abendstunden Sturmböen,LOC,-1.00000000,0.00000000,de,1.00000000,,0,,,,,,
Stunden in der Luft,Stunden in der Luft,LOC,0.00000000,0.00000000,de,1.00000000,,0,,,,,,
Z…,Z…,LOC,0.70000000,0.00000000,de,1.00000000,,0,,,,,,
Flughafenstraße,Flughafenstraße,LOC,0.00000000,0.00000000,de,1.00000000,,10387153,S,47.18790000,7.40601000,EUROPE,Switzerland,WCE
Mitteldeutschland,Mitteldeutschland,LOC,0.00000000,0.00000000,de,1.00000000,,0,,,,,,
Oberharz,Oberharz,LOC,0.00000000,0.00000000,de,1.00000000,4042923-4,2860465,T,51.83224000,10.46900000,EUROPE,Germany,WCE
November-Modus,November-Modus,LOC,-0.70000000,0.00000000,de,1.00000000,,0,,,,,,
Wochenend-Wetter,Wochenend-Wetter,LOC,-0.70000000,0.00000000,de,1.00000000,,0,,,,,,
Theaterfestivals,Theaterfestivals,LOC,-0.70000000,0.00000000,de,1.00000000,,0,,,,,,
Wetterkapriolen,Wetterkapriolen,LOC,0.00000000,0.00000000,de,1.00000000,,0,,,,,,
Klimawandels,Klimawandels,LOC,0.00000000,0.00000000,de,1.00000000,,0,,,,,,
CDU-Chef,CDU-Chef,LOC,0.00000000,0.00000000,de,1.00000000,,0,,,,,,
Bucht vom Purt de Sóller,Bucht vom Purt de Sóller,LOC,1.00000000,0.00000000,de,1.00000000,,0,,,,,,
Äste,Äste,LOC,0.00000000,0.00000000,de,1.00000000,,0,,,,,,
Orkanartige Böen,Orkanartige Böen,LOC,-0.70000000,0.00000000,de,1.00000000,,0,,,,,,
Freitagnachmittag,Freitagnachmittag,LOC,0.00000000,0.00000000,de,1.00000000,,0,,,,,,
Tirol,Tirol,LOC,0.00000000,0.00000000,de,1.00000000,4027096-8,2775220,P,47.26266000,11.39454000,EUROPE,Austria,WCE
Wirtschaftskammer,Wirtschaftskammer,LOC,0.00000000,0.00000000,de,1.00000000,,0,,,,,,
Stadtbild-Debatte,Stadtbild-Debatte,LOC,0.85000000,0.00000000,de,1.00000000,,0,,,,,,
Schreihälse,Schreihälse,LOC,0.00000000,0.00000000,de,1.00000000,,0,,,,,,
Mallorca,Mallorca,LOC,0.00000000,0.00000000,de,1.00000000,4115833-7,2512989,P,39.56939000,2.65024000,EUROPE-AFRICA,Spain,MED
Puig Major,Puig Major,LOC,0.00000000,0.00000000,de,1.00000000,7847917-4,2513992,T,39.80768000,2.79430000,EUROPE-AFRICA,Spain,MED
Skijäger-Kosmos,Skijäger-Kosmos,LOC,-1.00000000,0.00000000,de,1.00000000,,0,,,,,,
aufgewirbe…,aufgewirbe…,LOC,1.00000000,0.00000000,de,1.00000000,,0,,,,,,
Schweigen,Schweigen,LOC,0.00000000,0.00000000,de,1.00000000,,2834579,T,51.40000000,10.81667000,EUROPE,Germany,WCE
Aufruhr,Aufruhr,LOC,0.00000000,0.00000000,de,1.00000000,,0,,,,,,
Gazastreifen,Gazastreifen,LOC,-0.50000000,0.50000000,de,1.00000000,4019325-1,281133,P,31.50161000,34.46672000,EUROPE-AFRICA,Palestinian Territory,MED
Gaza,Gaza,LOC,0.00000000,0.00000000,de,1.00000000,4092680-1,281133,P,31.50161000,34.46672000,EUROPE-AFRICA,Palestinian Territory,MED
Israel,Israel,LOC,0.00000000,0.00000000,de,1.00000000,4027808-6,294640,A,31.50000000,34.75000000,EUROPE-AFRICA,Israel,MED
Streaming-Partner,Streaming-Partner,LOC,0.00000000,0.00000000,de,1.00000000,,0,,,,,,
Gewitter-Gefahr,Gewitter-Gefahr,LOC,0.00000000,0.00000000,de,1.00000000,,0,,,,,,
Klosterneuburg,Klosterneuburg,LOC,0.00000000,0.00000000,de,1.00000000,4031235-5,2773913,P,48.30521000,16.32522000,EUROPE,Austria,WCE
Steiermark Gewitter,Steiermark Gewitter,LOC,-0.66666667,0.33333333,de,1.00000000,,0,,,,,,
Umständen,Umständen,LOC,0.00000000,0.00000000,de,1.00000000,,0,,,,,,
YouTube-Kanal Gewitter,YouTube-Kanal Gewitter,LOC,-1.00000000,0.00000000,de,1.00000000,,0,,,,,,
YouTube-Star,YouTube-Star,LOC,0.00000000,0.00000000,de,1.00000000,,0,,,,,,
Gewitter-im-Kopf,Gewitter-im-Kopf,LOC,-1.00000000,0.00000000,de,1.00000000,,0,,,,,,
Königswinter,Königswinter,LOC,-0.15000000,0.00000000,de,1.00000000,4031563-0,2885734,P,50.67734000,7.19245000,EUROPE,Germany,WCE
Youtube,Youtube,LOC,0.70000000,0.00000000,de,1.00000000,,11789508,T,38.51730000,-8.90550000,EUROPE-AFRICA,Portugal,MED
Peloponnes,Peloponnes,LOC,-1.00000000,0.00000000,de,1.00000000,4045064-8,255620,L,37.50000000,22.33333000,EUROPE-AFRICA,Greece,MED
Frühlingssturm,Frühlingssturm,LOC,0.00000000,0.00000000,de,1.00000000,,0,,,,,,
Yuito Suzuki,Yuito Suzuki,LOC,0.00000000,0.00000000,de,1.00000000,,0,,,,,,
Berchtesgaden,Berchtesgaden,LOC,0.00000000,0.00000000,de,1.00000000,4005574-7,2950881,P,47.63236000,13.00187000,EUROPE,Germany,WCE
Schneeschauer,Schneeschauer,LOC,0.00000000,0.00000000,de,1.00000000,,0,,,,,,
Gewitter-Front,Gewitter-Front,LOC,0.00000000,0.00000000,de,1.00000000,,0,,,,,,
entwicke…,entwicke…,LOC,0.00000000,0.00000000,de,1.00000000,,0,,,,,,
Hannover,Hannover,LOC,-0.90000000,0.00000000,de,1.00000000,4023349-2,2910831,P,52.37052000,9.73322000,EUROPE,Germany,WCE
Hauneck,Hauneck,LOC,0.00000000,0.00000000,de,1.00000000,4219819-7,3208064,A,50.81868000,9.72787000,EUROPE,Germany,WCE
Regenschauer,Regenschauer,LOC,0.00000000,0.00000000,de,1.00000000,,0,,,,,,
Schauerrisiko,Schauerrisiko,LOC,0.00000000,0.00000000,de,1.00000000,,0,,,,,,
Maifeiertag,Maifeiertag,LOC,0.35000000,0.00000000,de,1.00000000,,0,,,,,,
Rheinland-Pfalz un…,Rheinland-Pfalz un…,LOC,0.00000000,0.00000000,de,1.00000000,,0,,,,,,
Sorgenfalten,Sorgenfalten,LOC,0.70000000,0.00000000,de,1.00000000,,0,,,,,,
Sommertemperaturen,Sommertemperaturen,LOC,0.00000000,0.00000000,de,1.00000000,,0,,,,,,
Kreis Gießen,Kreis Gießen,LOC,0.00000000,0.00000000,de,1.00000000,4065878-8,2809889,P,50.56109000,8.50495000,EUROPE,Germany,WCE
Tierschutz,Tierschutz,LOC,0.00000000,0.00000000,de,1.00000000,,0,,,,,,
D…,D…,LOC,0.00000000,0.00000000,de,1.00000000,,0,,,,,,
Bahnhofsviertel,Bahnhofsviertel,LOC,0.00000000,0.00000000,de,1.00000000,,7118090,P,50.10748000,8.66564000,EUROPE,Germany,WCE
Tag,Tag,LOC,1.00000000,0.00000000,de,1.00000000,,3045616,L,47.11667000,17.48333000,EUROPE,Hungary,WCE
Sant Josep,Sant Josep,LOC,0.00000000,0.00000000,de,1.00000000,,2511352,P,38.92239000,1.29437000,EUROPE-AFRICA,Spain,MED
d…,d…,LOC,0.00000000,0.00000000,de,1.00000000,,0,,,,,,
Kreis Schleswig-Flensburg,Kreis Schleswig-Flensburg,LOC,0.00000000,0.00000000,de,1.00000000,4052691-4,3208584,S,54.45933000,9.51633000,EUROPE,Germany,NEU
Höchstwerten,Höchstwerten,LOC,0.00000000,0.00000000,de,1.00000000,,0,,,,,,
Wetter,Wetter,LOC,-0.70000000,0.00000000,de,1.00000000,4108088-9,2809985,P,50.90254000,8.72366000,EUROPE,Germany,WCE
windig-kühl,windig-kühl,LOC,1.00000000,0.00000000,de,1.00000000,,0,,,,,,
Aschaffenburg,Aschaffenburg,LOC,0.00000000,0.00000000,de,1.00000000,4003191-3,2955272,P,49.97704000,9.15214000,EUROPE,Germany,WCE
Voitsberg,Voitsberg,LOC,0.00000000,0.00000000,de,1.00000000,4108364-7,2762326,A,47.05000000,15.10000000,EUROPE,Austria,WCE
Steiermark,Steiermark,LOC,0.00000000,0.00000000,de,1.00000000,4057092-7,2764581,A,47.25000000,15.16667000,EUROPE,Austria,WCE
Sonnencreme,Sonnencreme,LOC,0.00000000,0.00000000,de,1.00000000,,0,,,,,,
Champions-League-Anreise,Champions-League-Anreise,LOC,0.00000000,0.00000000,de,1.00000000,,0,,,,,,
Zeltdach,Zeltdach,LOC,0.00000000,0.00000000,de,1.00000000,,0,,,,,,
Schirme,Schirme,LOC,0.35000000,0.00000000,de,1.00000000,,0,,,,,,
Warnungen,Warnungen,LOC,0.70000000,0.00000000,de,1.00000000,,0,,,,,,
Opel-Zoo,Opel-Zoo,LOC,0.00000000,0.00000000,de,1.00000000,,8521437,S,50.18393000,8.48737000,EUROPE,Germany,WCE
Republik,Republik,LOC,0.00000000,1.00000000,de,1.00000000,4017875-4,1668284,A,24.00000000,121.00000000,ASIA,Taiwan,EAS
Smarthome-Devices,Smarthome-Devices,LOC,-1.00000000,0.00000000,de,1.00000000,,0,,,,,,
A7,A7,LOC,0.00000000,0.00000000,de,1.00000000,,3239234,A,46.24667000,15.62944000,EUROPE,Slovenia,WCE
schauerartiger Regen,schauerartiger Regen,LOC,-0.70000000,0.00000000,de,1.00000000,,0,,,,,,
NRW…,NRW…,LOC,0.00000000,0.00000000,de,1.00000000,,0,,,,,,
Südw…,Südw…,LOC,0.00000000,0.00000000,de,1.00000000,,0,,,,,,
Schüssen,Schüssen,LOC,0.00000000,0.00000000,de,1.00000000,,0,,,,,,
Vers…,Vers…,LOC,0.00000000,0.00000000,de,1.00000000,,0,,,,,,
Elementarschäden w…,Elementarschäden w…,LOC,0.00000000,1.00000000,de,1.00000000,,0,,,,,,
Southern Plains,Southern Plains,LOC,0.00000000,0.00000000,de,1.00000000,,1273176,T,35.25003000,78.00487000,ASIA,India,TIB
Rutschpartien,Rutschpartien,LOC,0.00000000,0.00000000,de,1.00000000,,0,,,,,,
Mössingen,Mössingen,LOC,-0.70000000,0.00000000,de,1.00000000,4039925-4,2869019,P,48.40567000,9.05419000,EUROPE,Germany,WCE
Wetterwoche,Wetterwoche,LOC,-1.00000000,0.00000000,de,1.00000000,,0,,,,,,
weiterlesenVier,weiterlesenVier,LOC,0.00000000,0.00000000,de,1.00000000,,0,,,,,,
Blitz-Doppelschlag,Blitz-Doppelschlag,LOC,0.00000000,0.00000000,de,1.00000000,,0,,,,,,
Kapitän,Kapitän,LOC,0.00000000,0.00000000,de,1.00000000,,0,,,,,,
Frühstück im Freien zu Ostersonntag,Frühstück im Freien zu Ostersonntag,LOC,-0.23333333,0.00000000,de,1.00000000,,0,,,,,,
frühlingshafter Sonne,frühlingshafter Sonne,LOC,-0.70000000,0.00000000,de,1.00000000,,0,,,,,,
Baden,Baden,LOC,0.00000000,0.00000000,de,1.00000000,4058282-6,2825297,P,48.78232000,9.17702000,EUROPE,Germany,WCE
Rüc…,Rüc…,LOC,0.00000000,0.00000000,de,1.00000000,,0,,,,,,
Rheintal,Rheintal,LOC,0.00000000,0.00000000,de,1.00000000,4124062-5,7285000,A,47.37769000,9.57903000,EUROPE,Switzerland,WCE
Autobahn 5,Autobahn 5,LOC,0.00000000,0.00000000,de,1.00000000,,0,,,,,,
Aquaplaning,Aquaplaning,LOC,0.00000000,0.00000000,de,1.00000000,,0,,,,,,
Nässe,Nässe,LOC,0.00000000,0.00000000,de,1.00000000,,12060664,P,63.18374000,17.11035000,EUROPE,Sweden,NEU
A5,A5,LOC,0.00000000,0.00000000,de,1.00000000,,7628300,A,56.80639000,21.22389000,EUROPE,Latvia,NEU
Wetter-Aussichten,Wetter-Aussichten,LOC,0.00000000,0.00000000,de,1.00000000,,0,,,,,,
Monatswechsel,Monatswechsel,LOC,0.00000000,1.00000000,de,1.00000000,,0,,,,,,
Schwäbischen Alb,Schwäbischen Alb,LOC,-0.70000000,0.00000000,de,1.00000000,,0,,,,,,
Co,Co,LOC,0.00000000,0.00000000,de,1.00000000,,12217089,L,8.62000000,-170.11000000,PACIFIC,,NPO
Superzellen,Superzellen,LOC,-1.00000000,0.00000000,de,1.00000000,,0,,,,,,
Klagenfurt,Klagenfurt,LOC,0.00000000,0.00000000,de,1.00000000,1023732653,2774326,P,46.62472000,14.30528000,EUROPE,Austria,WCE
Kärntner,Kärntner,LOC,0.00000000,0.00000000,de,1.00000000,,3217862,P,46.44913000,14.11135000,EUROPE,Slovenia,WCE
Hagelgewittern,Hagelgewittern,LOC,0.00000000,0.00000000,de,1.00000000,,0,,,,,,
Kärntens,Kärntens,LOC,0.00000000,0.00000000,de,1.00000000,,0,,,,,,
Fractal,Fractal,LOC,0.00000000,0.00000000,de,1.00000000,,0,,,,,,
Hochschwab,Hochschwab,LOC,0.00000000,0.00000000,de,1.00000000,4025260-7,2775956,T,47.61973000,15.14557000,EUROPE,Austria,WCE
Trawiestal,Trawiestal,LOC,0.00000000,0.00000000,de,1.00000000,,0,,,,,,
Bezirk Bruck-Mürzzuschlag,Bezirk Bruck-Mürzzuschlag,LOC,1.00000000,0.00000000,de,1.00000000,1062556631,8604686,A,47.41880000,15.27512000,EUROPE,Austria,WCE
Sonntagnachmittag,Sonntagnachmittag,LOC,0.00000000,0.00000000,de,1.00000000,,0,,,,,,
Niederbayern,Niederbayern,LOC,0.00000000,0.00000000,de,1.00000000,4034367-4,2881485,P,48.52961000,12.16179000,EUROPE,Germany,WCE
Klagenfurter Becken,Klagenfurter Becken,LOC,0.00000000,0.00000000,de,1.00000000,,0,,,,,,
Absch…,Absch…,LOC,0.70000000,0.00000000,de,1.00000000,,0,,,,,,
Ausflugspläne,Ausflugspläne,LOC,0.00000000,0.00000000,de,1.00000000,,0,,,,,,
Wetter-Mix,Wetter-Mix,LOC,0.00000000,0.00000000,de,1.00000000,,0,,,,,,
Nordbayern,Nordbayern,LOC,-0.70000000,0.00000000,de,1.00000000,,0,,,,,,
Nordwes…,Nordwes…,LOC,0.00000000,0.00000000,de,1.00000000,,0,,,,,,
Ba…,Ba…,LOC,0.00000000,0.00000000,de,1.00000000,,0,,,,,,
Landkreis Rostock,Landkreis Rostock,LOC,0.00000000,0.00000000,de,1.00000000,4395335-9,3208726,S,53.91667000,12.26667000,EUROPE,Germany,WCE
